CREATE TABLE IF NOT EXISTS `teeme_activity_completion_status` (   `activityId` int(11) NOT NULL DEFAULT '0',   `status` tinyint(4) NOT NULL DEFAULT '0',   `userId` int(11) NOT NULL DEFAULT '0' ) ENGINE=InnoDB DEFAULT CHARSET=utf8 COLLATE=utf8_unicode_ci;   CREATE TABLE IF NOT EXISTS `teeme_backups` ( `id` int(11) NOT NULL AUTO_INCREMENT, `file_name` varchar(512) COLLATE utf8_unicode_ci NOT NULL, `file_size` float NOT NULL, `createdDate` datetime NOT NULL, `status` tinyint(4) NOT NULL DEFAULT '1' COMMENT '1: Active 0:Inactive',
 `remoteServer` varchar(512) COLLATE utf8_unicode_ci NOT NULL, PRIMARY KEY (`id`)) ENGINE=InnoDB AUTO_INCREMENT=250 DEFAULT CHARSET=utf8 COLLATE=utf8_unicode_ci AUTO_INCREMENT=1 ;   CREATE TABLE IF NOT EXISTS `teeme_chat_info` (   `treeid` int(255) NOT NULL,   `starttime` datetime DEFAULT NULL,   `endtime` datetime DEFAULT NULL,   `activity_detail` mediumtext COLLATE utf8_unicode_ci,   `chat_member` varchar(200) COLLATE utf8_unicode_ci DEFAULT NULL,   PRIMARY KEY (`treeid`) ) ENGINE=InnoDB DEFAULT CHARSET=utf8 COLLATE=utf8_unicode_ci;   CREATE TABLE IF NOT EXISTS `teeme_contact_info` (   `id` int(255) NOT NULL AUTO_INCREMENT,   `treeId` int(255) NOT NULL,   `firstname` varchar(50) COLLATE utf8_unicode_ci NOT NULL,   `lastname` varchar(50) COLLATE utf8_unicode_ci NOT NULL,   `middlename` varchar(50) COLLATE utf8_unicode_ci DEFAULT NULL,   `title` varchar(20) COLLATE utf8_unicode_ci DEFAULT NULL,   `designation` varchar(200) COLLATE utf8_unicode_ci DEFAULT NULL,   `company` varchar(200) COLLATE utf8_unicode_ci DEFAULT NULL,   `website` varchar(255) COLLATE utf8_unicode_ci DEFAULT NULL,   `email` varchar(255) COLLATE utf8_unicode_ci DEFAULT NULL,   `fax` varchar(20) COLLATE utf8_unicode_ci DEFAULT NULL,   `mobile` varchar(20) COLLATE utf8_unicode_ci DEFAULT NULL,   `landline` varchar(20) COLLATE utf8_unicode_ci DEFAULT NULL,   `address` varchar(200) COLLATE utf8_unicode_ci DEFAULT NULL,   `address2` varchar(255) COLLATE utf8_unicode_ci DEFAULT NULL,   `city` varchar(100) COLLATE utf8_unicode_ci DEFAULT NULL,   `state` varchar(100) COLLATE utf8_unicode_ci DEFAULT NULL,   `country` varchar(100) COLLATE utf8_unicode_ci DEFAULT NULL,   `zipcode` varchar(10) COLLATE utf8_unicode_ci DEFAULT NULL,   `predecessor` int(255) DEFAULT NULL,   `succesor` int(255) DEFAULT NULL,   `comments` mediumtext COLLATE utf8_unicode_ci,   `sharedStatus` tinyint(1) NOT NULL DEFAULT '1' COMMENT '1: Public, 2: Private',   `workplaceId` int(11) DEFAULT NULL,   `other` mediumtext COLLATE utf8_unicode_ci NOT NULL,   PRIMARY KEY (`id`) ) ENGINE=InnoDB  DEFAULT CHARSET=utf8 COLLATE=utf8_unicode_ci AUTO_INCREMENT=1 ;  CREATE TABLE IF NOT EXISTS `teeme_container_types` (   `id` int(11) NOT NULL AUTO_INCREMENT,   `name` varchar(100) COLLATE utf8_unicode_ci NOT NULL,   PRIMARY KEY (`id`) ) ENGINE=InnoDB  DEFAULT CHARSET=utf8 COLLATE=utf8_unicode_ci AUTO_INCREMENT=7 ;   INSERT INTO `teeme_container_types` (`id`,`name`) VALUES (1, 'Document'), (2, 'Discussion'), (3, 'Chat'), (4, 'Activity'), (5, 'Contacts'), (6, 'Notes');   CREATE TABLE IF NOT EXISTS `teeme_countries` (   `countryId` int(11) NOT NULL AUTO_INCREMENT,   `countryName` varchar(64) COLLATE utf8_unicode_ci NOT NULL,   `countryCode` char(3) COLLATE utf8_unicode_ci NOT NULL,   PRIMARY KEY (`countryId`),   KEY `IDX_COUNTRIES_NAME` (`countryName`) ) ENGINE=InnoDB  DEFAULT CHARSET=utf8 COLLATE=utf8_unicode_ci AUTO_INCREMENT=240 ;  -- -- Dumping data for table `teeme_countries` --  INSERT INTO `teeme_countries` (`countryId`, `countryName`, `countryCode`) VALUES (1, 'Afghanistan', 'AFG'), (2, 'Albania', 'ALB'), (3, 'Algeria', 'DZA'), (4, 'American Samoa', 'ASM'), (5, 'Andorra', 'AND'), (6, 'Angola', 'AGO'), (7, 'Anguilla', 'AIA'), (8, 'Antarctica', 'ATA'), (9, 'Antigua and Barbuda', 'ATG'), (10, 'Argentina', 'ARG'), (11, 'Armenia', 'ARM'), (12, 'Aruba', 'ABW'), (13, 'Australia', 'AUS'), (14, 'Austria', 'AUT'), (15, 'Azerbaijan', 'AZE'), (16, 'Bahamas', 'BHS'), (17, 'Bahrain', 'BHR'), (18, 'Bangladesh', 'BGD'), (19, 'Barbados', 'BRB'), (20, 'Belarus', 'BLR'), (21, 'Belgium', 'BEL'), (22, 'Belize', 'BLZ'), (23, 'Benin', 'BEN'), (24, 'Bermuda', 'BMU'), (25, 'Bhutan', 'BTN'), (26, 'Bolivia', 'BOL'), (27, 'Bosnia and Herzegowina', 'BIH'), (28, 'Botswana', 'BWA'), (29, 'Bouvet Island', 'BVT'), (30, 'Brazil', 'BRA'), (31, 'British Indian Ocean Territory', 'IOT'), (32, 'Brunei Darussalam', 'BRN'), (33, 'Bulgaria', 'BGR'), (34, 'Burkina Faso', 'BFA'), (35, 'Burundi', 'BDI'), (36, 'Cambodia', 'KHM'), (37, 'Cameroon', 'CMR'), (38, 'Canada', 'CAN'), (39, 'Cape Verde', 'CPV'), (40, 'Cayman Islands', 'CYM'), (41, 'Central African Republic', 'CAF'), (42, 'Chad', 'TCD'), (43, 'Chile', 'CHL'), (44, 'China', 'CHN'), (45, 'Christmas Island', 'CXR'), (46, 'Cocos (Keeling) Islands', 'CCK'), (47, 'Colombia', 'COL'), (48, 'Comoros', 'COM'), (49, 'Congo', 'COG'), (50, 'Cook Islands', 'COK'), (51, 'Costa Rica', 'CRI'), (52, 'Cote D''Ivoire', 'CIV'), (53, 'Croatia', 'HRV'), (54, 'Cuba', 'CUB'), (55, 'Cyprus', 'CYP'), (56, 'Czech Republic', 'CZE'), (57, 'Denmark', 'DNK'), (58, 'Djibouti', 'DJI'), (59, 'Dominica', 'DMA'), (60, 'Dominican Republic', 'DOM'), (61, 'East Timor', 'TMP'), (62, 'Ecuador', 'ECU'), (63, 'Egypt', 'EGY'), (64, 'El Salvador', 'SLV'), (65, 'Equatorial Guinea', 'GNQ'), (66, 'Eritrea', 'ERI'), (67, 'Estonia', 'EST'), (68, 'Ethiopia', 'ETH'), (69, 'Falkland Islands (Malvinas)', 'FLK'), (70, 'Faroe Islands', 'FRO'), (71, 'Fiji', 'FJI'), (72, 'Finland', 'FIN'), (73, 'France', 'FRA'), (74, 'France, Metropolitan', 'FXX'), (75, 'French Guiana', 'GUF'), (76, 'French Polynesia', 'PYF'), (77, 'French Southern Territories', 'ATF'), (78, 'Gabon', 'GAB'), (79, 'Gambia', 'GMB'), (80, 'Georgia', 'GEO'), (81, 'Germany', 'DEU'), (82, 'Ghana', 'GHA'), (83, 'Gibraltar', 'GIB'), (84, 'Greece', 'GRC'), (85, 'Greenland', 'GRL'), (86, 'Grenada', 'GRD'), (87, 'Guadeloupe', 'GLP'), (88, 'Guam', 'GUM'), (89, 'Guatemala', 'GTM'), (90, 'Guinea', 'GIN'), (91, 'Guinea-bissau', 'GNB'), (92, 'Guyana', 'GUY'), (93, 'Haiti', 'HTI'), (94, 'Heard and Mc Donald Islands', 'HMD'), (95, 'Honduras', 'HND'), (96, 'Hong Kong', 'HKG'), (97, 'Hungary', 'HUN'), (98, 'Iceland', 'ISL'), (99, 'India', 'IND'), (100, 'Indonesia', 'IDN'), (101, 'Iran (Islamic Republic of)', 'IRN'), (102, 'Iraq', 'IRQ'), (103, 'Ireland', 'IRL'), (104, 'Israel', 'ISR'), (105, 'Italy', 'ITA'), (106, 'Jamaica', 'JAM'), (107, 'Japan', 'JPN'), (108, 'Jordan', 'JOR'), (109, 'Kazakhstan', 'KAZ'), (110, 'Kenya', 'KEN'), (111, 'Kiribati', 'KIR'), (112, 'Korea, Democratic People''s Republic of', 'PRK'), (113, 'Korea, Republic of', 'KOR'), (114, 'Kuwait', 'KWT'), (115, 'Kyrgyzstan', 'KGZ'), (116, 'Lao People''s Democratic Republic', 'LAO'), (117, 'Latvia', 'LVA'), (118, 'Lebanon', 'LBN'), (119, 'Lesotho', 'LSO'), (120, 'Liberia', 'LBR'), (121, 'Libyan Arab Jamahiriya', 'LBY'), (122, 'Liechtenstein', 'LIE'), (123, 'Lithuania', 'LTU'), (124, 'Luxembourg', 'LUX'), (125, 'Macau', 'MAC'), (126, 'Macedonia', 'MKD'), (127, 'Madagascar', 'MDG'), (128, 'Malawi', 'MWI'), (129, 'Malaysia', 'MYS'), (130, 'Maldives', 'MDV'), (131, 'Mali', 'MLI'), (132, 'Malta', 'MLT'), (133, 'Marshall Islands', 'MHL'), (134, 'Martinique', 'MTQ'), (135, 'Mauritania', 'MRT'), (136, 'Mauritius', 'MUS'), (137, 'Mayotte', 'MYT'), (138, 'Mexico', 'MEX'), (139, 'Micronesia, Federated States of', 'FSM'), (140, 'Moldova, Republic of', 'MDA'), (141, 'Monaco', 'MCO'), (142, 'Mongolia', 'MNG'), (143, 'Montserrat', 'MSR'), (144, 'Morocco', 'MAR'), (145, 'Mozambique', 'MOZ'), (146, 'Myanmar', 'MMR'), (147, 'Namibia', 'NAM'), (148, 'Nauru', 'NRU'), (149, 'Nepal', 'NPL'), (150, 'Netherlands', 'NLD'), (151, 'Netherlands Antilles', 'ANT'), (152, 'New Caledonia', 'NCL'), (153, 'New Zealand', 'NZL'), (154, 'Nicaragua', 'NIC'), (155, 'Niger', 'NER'), (156, 'Nigeria', 'NGA'), (157, 'Niue', 'NIU'), (158, 'Norfolk Island', 'NFK'), (159, 'Northern Mariana Islands', 'MNP'), (160, 'Norway', 'NOR'), (161, 'Oman', 'OMN'), (162, 'Pakistan', 'PAK'), (163, 'Palau', 'PLW'), (164, 'Panama', 'PAN'), (165, 'Papua New Guinea', 'PNG'), (166, 'Paraguay', 'PRY'), (167, 'Peru', 'PER'), (168, 'Philippines', 'PHL'), (169, 'Pitcairn', 'PCN'), (170, 'Poland', 'POL'), (171, 'Portugal', 'PRT'), (172, 'Puerto Rico', 'PRI'), (173, 'Qatar', 'QAT'), (174, 'Reunion', 'REU'), (175, 'Romania', 'ROM'), (176, 'Russian Federation', 'RUS'), (177, 'Rwanda', 'RWA'), (178, 'Saint Kitts and Nevis', 'KNA'), (179, 'Saint Lucia', 'LCA'), (180, 'Saint Vincent and the Grenadines', 'VCT'), (181, 'Samoa', 'WSM'), (182, 'San Marino', 'SMR'), (183, 'Sao Tome and Principe', 'STP'), (184, 'Saudi Arabia', 'SAU'), (185, 'Senegal', 'SEN'), (186, 'Seychelles', 'SYC'), (187, 'Sierra Leone', 'SLE'), (188, 'Singapore', 'SGP'), (189, 'Slovakia (Slovak Republic)', 'SVK'), (190, 'Slovenia', 'SVN'), (191, 'Solomon Islands', 'SLB'), (192, 'Somalia', 'SOM'), (193, 'South Africa', 'ZAF'), (194, 'South Georgia', 'SGS'), (195, 'Spain', 'ESP'), (196, 'Sri Lanka', 'LKA'), (197, 'St. Helena', 'SHN'), (198, 'St. Pierre and Miquelon', 'SPM'), (199, 'Sudan', 'SDN'), (200, 'Suriname', 'SUR'), (201, 'Svalbard and Jan Mayen Islands', 'SJM'), (202, 'Swaziland', 'SWZ'), (203, 'Sweden', 'SWE'), (204, 'Switzerland', 'CHE'), (205, 'Syrian Arab Republic', 'SYR'), (206, 'Taiwan', 'TWN'), (207, 'Tajikistan', 'TJK'), (208, 'Tanzania, United Republic of', 'TZA'), (209, 'Thailand', 'THA'), (210, 'Togo', 'TGO'), (211, 'Tokelau', 'TKL'), (212, 'Tonga', 'TON'), (213, 'Trinidad and Tobago', 'TTO'), (214, 'Tunisia', 'TUN'), (215, 'Turkey', 'TUR'), (216, 'Turkmenistan', 'TKM'), (217, 'Turks and Caicos Islands', 'TCA'), (218, 'Tuvalu', 'TUV'), (219, 'Uganda', 'UGA'), (220, 'Ukraine', 'UKR'), (221, 'United Arab Emirates', 'ARE'), (222, 'United Kingdom', 'GBR'), (223, 'United States', 'USA'), (224, 'United States Minor Outlying Islands', 'UMI'), (225, 'Uruguay', 'URY'), (226, 'Uzbekistan', 'UZB'), (227, 'Vanuatu', 'VUT'), (228, 'Vatican City State (Holy See)', 'VAT'), (229, 'Venezuela', 'VEN'), (230, 'Viet Nam', 'VNM'), (231, 'Virgin Islands (British)', 'VGB'), (232, 'Virgin Islands (U.S.)', 'VIR'), (233, 'Wallis and Futuna Islands', 'WLF'), (234, 'Western Sahara', 'ESH'), (235, 'Yemen', 'YEM'), (236, 'Yugoslavia', 'YUG'), (237, 'Zaire', 'ZAR'), (238, 'Zambia', 'ZMB'), (239, 'Zimbabwe', 'ZWE');   CREATE TABLE IF NOT EXISTS `teeme_create_tag_date` (   `tagId` int(11) NOT NULL AUTO_INCREMENT,   `taskCreateDate` date DEFAULT NULL,   PRIMARY KEY (`tagId`) ) ENGINE=InnoDB DEFAULT CHARSET=utf8 COLLATE=utf8_unicode_ci AUTO_INCREMENT=1 ;    CREATE TABLE IF NOT EXISTS `teeme_discussion_view` (   `id` int(255) NOT NULL AUTO_INCREMENT,   `leafId` int(255) NOT NULL,   `UserId` int(255) NOT NULL,   `view_time` datetime NOT NULL,   PRIMARY KEY (`id`) ) ENGINE=InnoDB  DEFAULT CHARSET=utf8 COLLATE=utf8_unicode_ci AUTO_INCREMENT=1 ;  CREATE TABLE IF NOT EXISTS `teeme_external_docs` (   `docId` int(255) NOT NULL AUTO_INCREMENT,   `workSpaceId` int(255) NOT NULL,   `workSpaceType` tinyint(1) NOT NULL,   `userId` int(255) NOT NULL,   `docCaption` varchar(50) COLLATE utf8_unicode_ci DEFAULT NULL,   `docName` varchar(255) COLLATE utf8_unicode_ci NOT NULL,   `path` varchar(255) COLLATE utf8_unicode_ci NOT NULL,   `createdDate` datetime NOT NULL,   `version` int(11) NOT NULL DEFAULT '1',   PRIMARY KEY (`docId`) ) ENGINE=InnoDB  DEFAULT CHARSET=utf8 COLLATE=utf8_unicode_ci AUTO_INCREMENT=8 ;   CREATE TABLE IF NOT EXISTS `teeme_leaf` (   `id` int(11) NOT NULL AUTO_INCREMENT,   `leafParentId` int(11) NOT NULL DEFAULT '0',   `type` tinyint(2) DEFAULT NULL,   `authors` varchar(255) COLLATE utf8_unicode_ci DEFAULT NULL,   `status` tinyint(1) DEFAULT NULL,   `userId` int(11) NOT NULL,   `createdDate` datetime NOT NULL,   `editedDate` datetime NOT NULL,   `contents` longtext COLLATE utf8_unicode_ci,   `latestContent` tinyint(1) NOT NULL DEFAULT '0',   `version` int(11) NOT NULL DEFAULT '1',   `lockedStatus` tinyint(4) NOT NULL DEFAULT '0',   `userLocked` int(11) DEFAULT NULL,   `nodeId` int(255) DEFAULT NULL,   `newVersionLeafId` int(11) NOT NULL DEFAULT '0',   PRIMARY KEY (`id`), FULLTEXT(contents) ) ENGINE=InnoDB  DEFAULT CHARSET=utf8 COLLATE=utf8_unicode_ci AUTO_INCREMENT=1 ;   CREATE TABLE IF NOT EXISTS `teeme_leaf_tree` (   `id` int(11) NOT NULL AUTO_INCREMENT,   `leaf_id` int(11) NOT NULL,   `type` tinyint(4) NOT NULL DEFAULT '2' COMMENT '1->seed, 2->leaf',   `tree_id` int(11) NOT NULL,   `updates` bigint(4) NOT NULL DEFAULT '0',   PRIMARY KEY (`id`) ) ENGINE=InnoDB  DEFAULT CHARSET=utf8 COLLATE=utf8_unicode_ci AUTO_INCREMENT=1 ;    CREATE TABLE IF NOT EXISTS `teeme_leaf_types` (   `id` int(11) NOT NULL AUTO_INCREMENT,   `name` varchar(50) COLLATE utf8_unicode_ci NOT NULL,   PRIMARY KEY (`id`) ) ENGINE=InnoDB DEFAULT CHARSET=utf8 COLLATE=utf8_unicode_ci AUTO_INCREMENT=1 ;   CREATE TABLE IF NOT EXISTS `teeme_leaf_unread` (   `id` int(255) NOT NULL AUTO_INCREMENT,   `leafId` int(255) NOT NULL,   `UserId` int(255) NOT NULL,   `workPlaceId` int(255) NOT NULL,   `workSpaceId` int(255) NOT NULL,   PRIMARY KEY (`id`) ) ENGINE=InnoDB DEFAULT CHARSET=utf8 COLLATE=utf8_unicode_ci AUTO_INCREMENT=1 ;   CREATE TABLE IF NOT EXISTS `teeme_links` (   `linkId` bigint(20) NOT NULL AUTO_INCREMENT,   `treeId` bigint(20) NOT NULL,   `artifactId` bigint(20) NOT NULL,   `artifactType` tinyint(1) NOT NULL,   `createdDate` datetime NOT NULL,  `ownerId` int(255) NOT NULL,   PRIMARY KEY (`linkId`) ) ENGINE=InnoDB  DEFAULT CHARSET=utf8 COLLATE=utf8_unicode_ci AUTO_INCREMENT=1 ;    CREATE TABLE IF NOT EXISTS `teeme_links_external` (   `linkId` bigint(20) NOT NULL AUTO_INCREMENT,   `linkedDocId` bigint(20) NOT NULL,   `artifactId` bigint(20) NOT NULL,   `artifactType` tinyint(4) NOT NULL,   `createdDate` datetime NOT NULL,  `ownerId` int(255) NOT NULL,   PRIMARY KEY (`linkId`) ) ENGINE=InnoDB  DEFAULT CHARSET=utf8 COLLATE=utf8_unicode_ci AUTO_INCREMENT=1 ;    CREATE TABLE IF NOT EXISTS `teeme_login_users` (   `loginId` int(255) NOT NULL AUTO_INCREMENT,   `userId` int(11) NOT NULL,   `sessionId` char(100) COLLATE utf8_unicode_ci NOT NULL,   `loginTime` int(11) DEFAULT NULL,   `loginStatus` tinyint(1) NOT NULL DEFAULT '1',   PRIMARY KEY (`loginId`) ) ENGINE=InnoDB DEFAULT CHARSET=utf8 COLLATE=utf8_unicode_ci AUTO_INCREMENT=1 ;   CREATE TABLE IF NOT EXISTS `teeme_managers` (   `placeId` int(11) NOT NULL,   `managerId` int(11) NOT NULL,   `placeType` tinyint(1) NOT NULL ) ENGINE=InnoDB DEFAULT CHARSET=utf8 COLLATE=utf8_unicode_ci;    CREATE TABLE IF NOT EXISTS `teeme_metering_place` (   `id` int(11) NOT NULL AUTO_INCREMENT,   `lastUpdate` datetime NOT NULL,   `dbSize` decimal(8,2) NOT NULL COMMENT 'size=MB',   `importedFileSize` decimal(8,2) NOT NULL COMMENT 'size=MB',   `membersCount` int(4) NOT NULL,   `month` varchar(20) NOT NULL,   PRIMARY KEY (`id`) ) ENGINE=InnoDB  DEFAULT CHARSET=latin1 AUTO_INCREMENT=3 ;   CREATE TABLE IF NOT EXISTS `teeme_node` (   `id` int(11) NOT NULL AUTO_INCREMENT,   `predecessor` varchar(50) COLLATE utf8_unicode_ci NOT NULL,   `successors` varchar(255) COLLATE utf8_unicode_ci NOT NULL,   `leafId` int(11) DEFAULT NULL,   `tag` mediumtext COLLATE utf8_unicode_ci,   `treeIds` varchar(255) COLLATE utf8_unicode_ci NOT NULL,   `nodeOrder` int(11) DEFAULT NULL,   `starttime` datetime DEFAULT NULL,   `endtime` datetime DEFAULT NULL,   `version` int(11) NOT NULL DEFAULT '0',   `nodeTitle` varchar(100) COLLATE utf8_unicode_ci DEFAULT NULL,   `viewCalendar` tinyint(1) NOT NULL DEFAULT '0',   `userId` int(11) NOT NULL DEFAULT '0',   `workSpaceId` int(11) NOT NULL DEFAULT '0',   `workSpaceType` int(11) NOT NULL DEFAULT '0',   `chatSession` tinyint(4) NOT NULL DEFAULT '0' COMMENT '1-> Started 2-> Stopeed 0->Default (Nothing)',   PRIMARY KEY (`id`) ) ENGINE=InnoDB  DEFAULT CHARSET=utf8 COLLATE=utf8_unicode_ci AUTO_INCREMENT=1 ;    CREATE TABLE IF NOT EXISTS `teeme_notes_info` (   `notesId` int(11) NOT NULL,   `periodicOption` tinyint(2) NOT NULL,   `fromDate` date NOT NULL,   `toDate` date NOT NULL ) ENGINE=InnoDB DEFAULT CHARSET=utf8 COLLATE=utf8_unicode_ci;   CREATE TABLE IF NOT EXISTS `teeme_notes_users` (   `notesId` int(11) NOT NULL,   `userId` int(11) NOT NULL,   `status` tinyint(1) NOT NULL DEFAULT '1' ) ENGINE=InnoDB DEFAULT CHARSET=utf8 COLLATE=utf8_unicode_ci;   CREATE TABLE IF NOT EXISTS `teeme_periodic_notes` (   `notesId` int(11) NOT NULL,   `periodicNotesId` int(11) NOT NULL DEFAULT '0',   `createdDate` date NOT NULL ) ENGINE=InnoDB DEFAULT CHARSET=utf8 COLLATE=utf8_unicode_ci;   CREATE TABLE IF NOT EXISTS `teeme_selection_tag` (   `selectionId` int(255) NOT NULL AUTO_INCREMENT,   `tagId` int(255) NOT NULL,   `selectionOptions` varchar(255) COLLATE utf8_unicode_ci NOT NULL,   PRIMARY KEY (`selectionId`) ) ENGINE=InnoDB  DEFAULT CHARSET=utf8 COLLATE=utf8_unicode_ci AUTO_INCREMENT=53 ;    CREATE TABLE IF NOT EXISTS `teeme_sequence_tag` (   `sequenceId` int(255) NOT NULL AUTO_INCREMENT,   `userId` int(11) NOT NULL,   `createdDate` datetime NOT NULL,   PRIMARY KEY (`sequenceId`) ) ENGINE=InnoDB  DEFAULT CHARSET=utf8 COLLATE=utf8_unicode_ci AUTO_INCREMENT=13 ;   CREATE TABLE IF NOT EXISTS `teeme_simple_tag` (   `tagId` int(11) NOT NULL,   `comments` varchar(255) COLLATE utf8_unicode_ci NOT NULL,   `userId` int(255) NOT NULL,   `status` tinyint(1) NOT NULL DEFAULT '0',   `selectedOption` int(255) NOT NULL DEFAULT '0',   `createdDate` datetime NOT NULL ) ENGINE=InnoDB DEFAULT CHARSET=utf8 COLLATE=utf8_unicode_ci;     CREATE TABLE IF NOT EXISTS `teeme_sub_work_place` (   `subWorkplaceId` int(11) NOT NULL AUTO_INCREMENT,   `workPlaceId` int(11) NOT NULL,   `subWorkPlaceManagerId` int(11) NOT NULL DEFAULT '0',   `subWorkPlaceName` varchar(100) COLLATE utf8_unicode_ci NOT NULL,   PRIMARY KEY (`subWorkplaceId`) ) ENGINE=InnoDB DEFAULT CHARSET=utf8 COLLATE=utf8_unicode_ci AUTO_INCREMENT=1 ;   CREATE TABLE IF NOT EXISTS `teeme_sub_work_place_members` (   `subWorkPlacMembersId` int(11) NOT NULL AUTO_INCREMENT,   `subWorkPlaceId` int(11) NOT NULL,   `userId` int(11) NOT NULL,   `userAccess` tinyint(1) NOT NULL DEFAULT '0',   PRIMARY KEY (`subWorkPlacMembersId`) ) ENGINE=InnoDB DEFAULT CHARSET=utf8 COLLATE=utf8_unicode_ci AUTO_INCREMENT=1 ;    CREATE TABLE IF NOT EXISTS `teeme_sub_work_space` (   `subWorkSpaceId` int(11) NOT NULL AUTO_INCREMENT,   `workSpaceId` int(11) NOT NULL,   `subWorkSpaceManagerId` int(11) NOT NULL,   `subWorkSpaceName` varchar(100) COLLATE utf8_unicode_ci NOT NULL,   `subWorkSpaceCreatedDate` timestamp NOT NULL DEFAULT CURRENT_TIMESTAMP ON UPDATE CURRENT_TIMESTAMP,   `status` tinyint(1) NOT NULL DEFAULT '1',   `status1` tinyint(1) NOT NULL DEFAULT '0',   PRIMARY KEY (`subWorkSpaceId`) ) ENGINE=InnoDB  DEFAULT CHARSET=utf8 COLLATE=utf8_unicode_ci AUTO_INCREMENT=1 ;   CREATE TABLE IF NOT EXISTS `teeme_sub_work_space_members` (   `subWorkSpaceMembersId` int(11) NOT NULL AUTO_INCREMENT,   `subWorkSpaceId` int(11) NOT NULL,   `subWorkSpaceUserId` int(11) NOT NULL,   `subWorkSpaceUserAccess` tinyint(1) DEFAULT '0',   PRIMARY KEY (`subWorkSpaceMembersId`) ) ENGINE=InnoDB  DEFAULT CHARSET=utf8 COLLATE=utf8_unicode_ci AUTO_INCREMENT=5 ;    CREATE TABLE IF NOT EXISTS `teeme_tag` (   `tagId` int(255) NOT NULL AUTO_INCREMENT,   `tagType` tinyint(4) NOT NULL,   `tag` int(11) NOT NULL,   `comments` varchar(255) COLLATE utf8_unicode_ci DEFAULT NULL,   `ownerId` int(255) NOT NULL,   `artifactId` int(255) NOT NULL,   `artifactType` tinyint(2) NOT NULL,   `createdDate` datetime NOT NULL,   `startTime` datetime NOT NULL,   `endTime` datetime NOT NULL,   `sequenceTagId` int(11) NOT NULL DEFAULT '0',   `sequenceOrder` int(11) NOT NULL DEFAULT '0',   PRIMARY KEY (`tagId`) ) ENGINE=InnoDB  DEFAULT CHARSET=utf8 COLLATE=utf8_unicode_ci AUTO_INCREMENT=1 ;   CREATE TABLE IF NOT EXISTS `teeme_tagged_users` (   `tagId` int(255) NOT NULL,   `userId` int(255) NOT NULL,   `status` tinyint(1) NOT NULL DEFAULT '1' ) ENGINE=InnoDB DEFAULT CHARSET=utf8 COLLATE=utf8_unicode_ci;   CREATE TABLE IF NOT EXISTS `teeme_tag_category` (   `categoryId` int(11) NOT NULL AUTO_INCREMENT,   `categoryName` varchar(100) COLLATE utf8_unicode_ci NOT NULL,   PRIMARY KEY (`categoryId`) ) ENGINE=InnoDB  DEFAULT CHARSET=utf8 COLLATE=utf8_unicode_ci AUTO_INCREMENT=7 ;   INSERT INTO `teeme_tag_category` (`categoryId`, `categoryName`) VALUES (1, 'Time'), (2, 'View'), (3, 'Act'), (4, 'Create'), (5, 'Contact'), (6, 'User');   CREATE TABLE IF NOT EXISTS `teeme_tag_types` (   `tagTypeId` int(11) NOT NULL AUTO_INCREMENT,   `categoryId` int(11) NOT NULL,   `tagType` varchar(100) COLLATE utf8_unicode_ci NOT NULL,   `systemTag` ENUM( '0', '1' ) NOT NULL DEFAULT '0',   `workPlaceId` int(11) NOT NULL DEFAULT '0',   PRIMARY KEY (`tagTypeId`) ) ENGINE=InnoDB  DEFAULT CHARSET=utf8 COLLATE=utf8_unicode_ci AUTO_INCREMENT=6 ;  INSERT INTO `teeme_tag_types`(`tagTypeId`, `categoryId`, `tagType` , `systemTag`) VALUES (1,2,'red' ,'1'), (2,2,'green','1'), (3,2,'yellow','1'), (4,2,'blue','1'), (5,2,'gray','1');  CREATE TABLE IF NOT EXISTS `teeme_tasks` (   `tagId` int(11) NOT NULL,   `noteId` int(11) NOT NULL,   `createdDate` datetime NOT NULL ) ENGINE=InnoDB DEFAULT CHARSET=utf8 COLLATE=utf8_unicode_ci;    CREATE TABLE IF NOT EXISTS `teeme_task_history` (   `id` int(11) NOT NULL AUTO_INCREMENT,   `treeId` int(11) NOT NULL,   `workSpaceId` int(11) NOT NULL,   `workSpaceType` int(11) NOT NULL,   `nodeId` int(11) NOT NULL,   `contents` text CHARACTER SET utf8 COLLATE utf8_unicode_ci NOT NULL,   `starttime` datetime NOT NULL,   `endtime` datetime NOT NULL,   `assignedTo` varchar(1024) CHARACTER SET utf8 COLLATE utf8_unicode_ci NOT NULL,   `complitionStatus` varchar(10) CHARACTER SET utf8 COLLATE utf8_unicode_ci NOT NULL,   `userId` int(11) NOT NULL,   `editTime` datetime NOT NULL,   PRIMARY KEY (`id`) ) ENGINE=InnoDB  DEFAULT CHARSET=latin1 AUTO_INCREMENT=1 ;     CREATE TABLE IF NOT EXISTS `teeme_timezones` ( `timezoneid` int(11) NOT NULL DEFAULT '0', `gmt_offset` double DEFAULT '0', `dst_offset` double DEFAULT NULL, `timezone_code` varchar(4) COLLATE utf8_unicode_ci DEFAULT NULL, `timezone_name` varchar(100) COLLATE utf8_unicode_ci NOT NULL, PRIMARY KEY (`timezoneid`)) ENGINE=InnoDB DEFAULT CHARSET=utf8 COLLATE=utf8_unicode_ci;  INSERT INTO `teeme_timezones` (`timezoneid`, `gmt_offset`, `dst_offset`, `timezone_code`, `timezone_name`) VALUES (1, -12, 0, '', '(GMT-12:00) International Date Line West'),(2, -11, 0, '', '(GMT-11:00) Midway Island Samoa'),(3, -10, 0, 'H', '(GMT-10:00) Hawaii'),(4, -9, 1, 'AK', '(GMT-09:00) Alaska'),(5, -8, 1, 'P', '(GMT-08:00) Pacific Time (US & Canada) Tijuana'),(6, -7, 0, 'M', '(GMT-07:00) Arizona'),(7, -7, 1, '', '(GMT-07:00) Chihuahua, La Paz, Mazatlan'),(8, -7, 1, 'M', '(GMT-07:00) Mountain Time (US & Canada)'),(9, -6, 0, '', '(GMT-06:00) Central America'),(10, -6, 1, 'C', '(GMT-06:00) Central Time (US & Canada)'),(11, -6, 1, '', '(GMT-06:00) Guadalajara, Mexico City, Monterrey'),(12, -6, 0, 'C', '(GMT-06:00) Saskatchewan'),(13, -5, 0, '', '(GMT-05:00) Bogota, Lime, Quito'),(14, -5, 1, 'E', '(GMT-05:00) Eastern Time (US & Canada)'),(15, -5, 0, 'E', '(GMT-05:00) Indiana (East)'),(16, -4, 1, 'A', '(GMT-04:00) Atlantic Time (Canada)'),(17, -4, 0, '', '(GMT-04:00) Caracas, La Paz'),(18, -4, 1, '', '(GMT-04:00) Santiago'),(19, -3.5, 1, 'N', '(GMT-03:30) Newfoundland'),(20, -3, 1, '', '(GMT-03:00) Brasilia'),(21, -3, 0, '', '(GMT-03:00) Buenos Aires, Georgetown'),(22, -3, 1, '', '(GMT-03:00) Greenland'),(23, -2, 1, '', '(GMT-02:00) Mid-Atlantic'),(24, -1, 1, '', '(GMT-01:00) Azores'),(25, -1, 0, '', '(GMT-01:00) Cape Verde Is.'),(26, 0, 0, '', '(GMT) Casablanca, Monrovia'),(27, 0, 1, '', '(GMT) Greenwich Mean Time : Dublin, Edinburgh, Lisbon, London'),(28, 1, 1, '', '(GMT+01:00) Amsterdam, Berlin, Bern, Rome, Stockholm, Vienna'),(29, 1, 1, '', '(GMT+01:00) Belgrade, Bratislava, Budapest, Ljubljana, Prague'),(30, 1, 1, '', '(GMT+01:00) Brussels, Copenhagen, Madrid, Paris'),(31, 1, 1, '', '(GMT+01:00) Sarajevo, Skopje, Warsaw, Zagreb'),(32, 1, 0, '', '(GMT+01:00) West Central Africa'),(33, 2, 1, '', '(GMT+02:00) Athens, Istanbul, Minsk'),(34, 2, 1, '', '(GMT+02:00) Bucharest'),(35, 2, 1, '', '(GMT+02:00) Cairo'),(36, 2, 0, '', '(GMT+02:00) Harare, Pretoria'),(37, 2, 1, '', '(GMT+02:00) Helsinki, Kyiv, Riga, Sofia, Tallinn, Vilnius'),(38, 2, 0, '', '(GMT+02:00) Jerusalem'),(39, 3, 1, '', '(GMT+03:00) Baghdad'),(40, 3, 0, '', '(GMT+03:00) Kuwait, Riyadh'),(41, 3, 1, '', '(GMT+03:00) Moscow, St. Petersburg, Volgograd'),(42, 3, 0, '', '(GMT+03:00) Nairobi'),(43, 3.5, 1, '', '(GMT+03:30) Tehran'),(44, 4, 0, '', '(GMT+04:00) Abu Dhabi, Muscat'),(45, 4, 1, '', '(GMT+04:00) Baku, Tbilisi, Yerevan'),(46, 4.5, 0, '', '(GMT+04:30) Kabul'),(47, 5, 1, '', '(GMT+05:00) Ekaterinburg'),(48, 5, 0, '', '(GMT+05:00) Islamabad, Karachi, Tashkent'),(49, 5.5, 0, '', '(GMT+05:30) Chennai, Kolkata, Mumbai, New Delhi'),(50, 5.75, 0, '', '(GMT+05.75) Kathmandu'),(51, 6, 1, '', '(GMT+06:00) Almaty, Novosibirsk'),(52, 6, 0, '', '(GMT+06:00) Astana, Dhaka'),(53, 6, 0, '', '(GMT+06:00) Sri Jayawardenepura'),(54, 6.5, 0, '', '(GMT+06:30) Rangoon'),(55, 7, 0, '', '(GMT+07:00) Bangkok, Hanoi, Jakarta'),(56, 7, 1, '', '(GMT+07:00) Krasnoyarsk'),(57, 8, 0, '', '(GMT+08:00) Beijing, Chongging, Hong Kong, Urumgi'),(58, 8, 1, '', '(GMT+08:00) Irkutsk, Ulaan Bataar'),(59, 8, 0, '', '(GMT+08:00) Kuala Lumpur, Singapore'),(60, 8, 0, '', '(GMT+08:00) Perth'),(61, 8, 0, '', '(GMT+08:00) Taipei'),(62, 9, 0, '', '(GMT+09:00) Osaka, Sapporo, Tokyo'),(63, 9, 0, '', '(GMT+09:00) Seoul'),(64, 9, 1, '', '(GMT+09:00) Yakutsk'),(65, 9.5, 1, '', '(GMT+09:30) Adelaide'),(66, 9.5, 0, '', '(GMT+09:30) Darwin'),(67, 10, 0, '', '(GMT+10:00) Brisbane'),(68, 10, 1, '', '(GMT+10:00) Canberra, Melbourne, Sydney'),(69, 10, 0, '', '(GMT+10:00) Guam, Port Moresby'),(70, 10, 1, '', '(GMT+10:00) Hobart'),(71, 10, 1, '', '(GMT+10:00) Vladivostok'),(72, 11, 0, '', '(GMT+11:00) Magadan, Solomon Is., New Caledonia'),(73, 12, 1, '', '(GMT+12:00) Auckland, Wellington'),(74, 12, 0, '', '(GMT+12:00) Figi, Kamchatka, Marshall Is.'),(75, 13, 0, '', '(GMT+13:00) Nuku''alofa');   CREATE TABLE IF NOT EXISTS `teeme_tree` (   `id` int(11) NOT NULL AUTO_INCREMENT,   `parentTreeId` int(255) NOT NULL DEFAULT '0',   `name` varchar(255) COLLATE utf8_unicode_ci NOT NULL,   `old_name` varchar(255) COLLATE utf8_unicode_ci DEFAULT NULL,   `type` tinyint(2) NOT NULL,   `userId` int(11) NOT NULL,   `createdDate` datetime NOT NULL,   `editedDate` timestamp NOT NULL DEFAULT CURRENT_TIMESTAMP,   `workspaces` varchar(100) COLLATE utf8_unicode_ci DEFAULT NULL,   `workSpaceType` tinyint(1) NOT NULL DEFAULT '0',   `nodes` varchar(100) COLLATE utf8_unicode_ci DEFAULT NULL,   `nodeType1` tinyint(1) NOT NULL DEFAULT '0',   `nodeType` tinyint(1) NOT NULL DEFAULT '0',   `version` int(11) NOT NULL DEFAULT '1',   `latestVersion` tinyint(1) NOT NULL DEFAULT '1',   `treeVersion` int(11) NOT NULL DEFAULT '1',   `viewCalendar` tinyint(1) NOT NULL DEFAULT '0',   `status` tinyint(1) NOT NULL DEFAULT '1',   `old_name1` varchar(255) COLLATE utf8_unicode_ci DEFAULT NULL,   `embedded` tinyint(4) NOT NULL DEFAULT '0',   `updateCount` int(11) NOT NULL DEFAULT '0',   `isShared` tinyint(4) NOT NULL DEFAULT '0',   `autonumbering` tinyint(4) NOT NULL DEFAULT '0',   PRIMARY KEY (`id`), FULLTEXT(name) ) ENGINE=InnoDB  DEFAULT CHARSET=utf8 COLLATE=utf8_unicode_ci AUTO_INCREMENT=1 ;     CREATE TABLE IF NOT EXISTS `teeme_trees_shared` (   `id` bigint(20) NOT NULL AUTO_INCREMENT,   `treeId` bigint(20) NOT NULL,   `members` mediumtext COLLATE utf8_unicode_ci NOT NULL,   PRIMARY KEY (`id`) ) ENGINE=InnoDB  DEFAULT CHARSET=utf8 COLLATE=utf8_unicode_ci AUTO_INCREMENT=1;     CREATE TABLE IF NOT EXISTS `teeme_users` (   `userId` int(11) NOT NULL AUTO_INCREMENT,   `workPlaceId` int(11) NOT NULL DEFAULT '0',   `userName` varchar(60) COLLATE utf8_unicode_ci NOT NULL,   `password` varchar(100) COLLATE utf8_unicode_ci DEFAULT NULL,   `needPasswordReset` tinyint(4) DEFAULT '0',   `tagName` varchar(255) COLLATE utf8_unicode_ci DEFAULT NULL,   `userCommunityId` tinyint(2) NOT NULL,   `userTitle` varchar(4) COLLATE utf8_unicode_ci DEFAULT NULL,   `firstName` varchar(32) COLLATE utf8_unicode_ci DEFAULT NULL,   `lastName` varchar(32) COLLATE utf8_unicode_ci DEFAULT NULL,   `role` varchar(32) COLLATE utf8_unicode_ci NOT NULL, `skills` varchar(512) COLLATE utf8_general_ci NOT NULL,  `department` varchar(32) COLLATE utf8_unicode_ci NOT NULL,   `address1` varchar(512) COLLATE utf8_unicode_ci DEFAULT NULL,   `address2` varchar(64) COLLATE utf8_unicode_ci DEFAULT NULL,   `city` varchar(32) COLLATE utf8_unicode_ci DEFAULT NULL,   `state` varchar(32) COLLATE utf8_unicode_ci DEFAULT NULL,   `country` varchar(100) COLLATE utf8_unicode_ci DEFAULT NULL,   `zip` varchar(9) COLLATE utf8_unicode_ci DEFAULT NULL,   `phone` varchar(15) COLLATE utf8_unicode_ci NOT NULL,   `mobile` varchar(15) COLLATE utf8_unicode_ci DEFAULT NULL,   `email` varchar(150) COLLATE utf8_unicode_ci DEFAULT NULL,   `status` tinyint(1) NOT NULL DEFAULT '0',   `emailSent` tinyint(1) NOT NULL DEFAULT '0',   `registeredDate` datetime NOT NULL,   `activation` varchar(255) COLLATE utf8_unicode_ci DEFAULT NULL,   `lastLoginTime` datetime DEFAULT NULL,   `currentLoginTime` datetime DEFAULT NULL,   `passwordreset` int(1) NOT NULL DEFAULT '1',   `photo` varchar(512) COLLATE utf8_unicode_ci NOT NULL DEFAULT 'noimage.jpg',   `statusUpdate` varchar(512) COLLATE utf8_unicode_ci NOT NULL,   `other` varchar(512) COLLATE utf8_unicode_ci NOT NULL,   `userGroup` tinyint(4) NOT NULL DEFAULT '1' COMMENT '0->Guests,1->Normal Members', `isPlaceManager` enum('0','1') COLLATE utf8_unicode_ci NOT NULL DEFAULT '0', `notification_language_id` int(11) NOT NULL, `defaultSpace` int(11) NOT NULL DEFAULT '0', `userTimezone` smallint(6) DEFAULT NULL, `nickName` varchar(32) COLLATE utf8_unicode_ci NOT NULL, `terms` tinyint(4) NOT NULL DEFAULT '0',   PRIMARY KEY (`userId`), FULLTEXT(userName,tagName,firstName,lastName,department,address1,address2,city,state,country,other,statusUpdate) ) ENGINE=InnoDB  DEFAULT CHARSET=utf8 COLLATE=utf8_unicode_ci AUTO_INCREMENT=1 ;   CREATE TABLE IF NOT EXISTS `teeme_user_communities` (   `communityId` tinyint(2) NOT NULL AUTO_INCREMENT,   `communityName` varchar(100) COLLATE utf8_unicode_ci NOT NULL,   PRIMARY KEY (`communityId`) ) ENGINE=InnoDB  DEFAULT CHARSET=utf8 COLLATE=utf8_unicode_ci AUTO_INCREMENT=4 ;    INSERT INTO `teeme_user_communities` (`communityId`, `communityName`) VALUES (1, 'Teeme'), (2, 'Yahoo'), (3, 'Gmail');   CREATE TABLE IF NOT EXISTS `teeme_vote_tag` (   `votingTopicId` int(255) NOT NULL AUTO_INCREMENT,   `tagId` int(255) NOT NULL,   `votingTopic` varchar(255) COLLATE utf8_unicode_ci NOT NULL,   PRIMARY KEY (`votingTopicId`) ) ENGINE=InnoDB  DEFAULT CHARSET=utf8 COLLATE=utf8_unicode_ci AUTO_INCREMENT=1 ;     CREATE TABLE IF NOT EXISTS `teeme_wall` (   `id` int(11) NOT NULL AUTO_INCREMENT,   `owner_id` int(11) NOT NULL,   `commenter_id` int(11) NOT NULL,   `comment` longtext COLLATE utf8_unicode_ci NOT NULL,   `comment_time` datetime NOT NULL,   `limitation` varchar(64) COLLATE utf8_unicode_ci NOT NULL DEFAULT 'public',   `status` tinyint(4) NOT NULL DEFAULT '1' COMMENT '1: Active 0:Inactive',   `urgent` tinyint(4) NOT NULL DEFAULT '0',   PRIMARY KEY (`id`) ) ENGINE=InnoDB  DEFAULT CHARSET=utf8 COLLATE=utf8_unicode_ci AUTO_INCREMENT=1 ;    CREATE TABLE IF NOT EXISTS `teeme_wall_comments` (   `id` int(11) NOT NULL AUTO_INCREMENT,   `commenterId` int(11) NOT NULL,   `commentWorkSpaceId` int(11) NOT NULL DEFAULT '0',   `commentWorkSpaceType` int(11) NOT NULL DEFAULT '1',   `comment` longtext CHARACTER SET utf8 COLLATE utf8_unicode_ci NOT NULL,   `commentTime` datetime NOT NULL,   `limitation` varchar(64) CHARACTER SET utf8 COLLATE utf8_unicode_ci NOT NULL,   `status` tinyint(1) NOT NULL DEFAULT '1' COMMENT '1:active,deactive',   `parentCommentId` int(11) NOT NULL DEFAULT '0' COMMENT '0 : no parent comment',   `latestUpdateTime` datetime NOT NULL,   PRIMARY KEY (`id`) ) ENGINE=InnoDB  DEFAULT CHARSET=latin1 AUTO_INCREMENT=1 ;   CREATE TABLE IF NOT EXISTS `teeme_wall_recipients` (   `id` int(11) NOT NULL AUTO_INCREMENT,   `commentId` int(11) NOT NULL,   `recipientId` int(11) NOT NULL COMMENT 'message receiver user Id',   `urgent` tinyint(1) NOT NULL DEFAULT '0',   `notification` int(1) NOT NULL DEFAULT '1' COMMENT '1:show notification',   `recipientStatus` int(1) NOT NULL DEFAULT '1' COMMENT '1:active,0:deactive',   PRIMARY KEY (`id`) ) ENGINE=InnoDB  DEFAULT CHARSET=latin1 AUTO_INCREMENT=1 ;   CREATE TABLE IF NOT EXISTS `teeme_work_place_managers` (   `id` int(11) NOT NULL AUTO_INCREMENT,   `placeId` int(11) NOT NULL,   `managerFname` varchar(20) COLLATE utf8_unicode_ci NOT NULL,   `managerLname` varchar(20) COLLATE utf8_unicode_ci NOT NULL,   `managerAddress` varchar(512) COLLATE utf8_unicode_ci NOT NULL,   `managerPhone` varchar(20) COLLATE utf8_unicode_ci NOT NULL,   `managerMobile` varchar(20) COLLATE utf8_unicode_ci NOT NULL,   `managerFax` varchar(20) COLLATE utf8_unicode_ci NOT NULL,   `managerOther` mediumtext COLLATE utf8_unicode_ci NOT NULL,   `managerEmail` varchar(150) COLLATE utf8_unicode_ci NOT NULL,   `managerPassword` varchar(100) COLLATE utf8_unicode_ci NOT NULL,   `managerCommunityId` tinyint(4) NOT NULL DEFAULT '1',   PRIMARY KEY (`id`) ) ENGINE=InnoDB  DEFAULT CHARSET=utf8 COLLATE=utf8_unicode_ci AUTO_INCREMENT=1 ;    CREATE TABLE IF NOT EXISTS `teeme_work_space` (   `workSpaceId` int(11) NOT NULL AUTO_INCREMENT,   `status` tinyint(1) NOT NULL DEFAULT '1',   `deleted` tinyint(4) NOT NULL DEFAULT '0',   `workPlaceId` int(11) NOT NULL, `workSpaceName` varchar(100) COLLATE utf8_unicode_ci NOT NULL,   `workSpaceCreatedDate` timestamp NOT NULL DEFAULT CURRENT_TIMESTAMP, `treeAccess` int(11) NOT NULL DEFAULT '0' COMMENT '0 for space manages, and 1 for all users(space manages+member)',
  `defaultPlaceManagerSpace` enum('0','1') COLLATE utf8_unicode_ci NOT NULL DEFAULT '0' COMMENT '0: No, 1: Yes',   PRIMARY KEY (`workSpaceId`) ) ENGINE=InnoDB  DEFAULT CHARSET=utf8 COLLATE=utf8_unicode_ci AUTO_INCREMENT=1 ;    CREATE TABLE IF NOT EXISTS `teeme_work_space_members` (   `workSpaceMembersId` int(255) NOT NULL AUTO_INCREMENT,   `workSpaceId` int(255) NOT NULL,   `workSpaceUserId` int(255) NOT NULL,   `workSpaceUserAccess` tinyint(4) DEFAULT '0',   PRIMARY KEY (`workSpaceMembersId`) ) ENGINE=InnoDB  DEFAULT CHARSET=utf8 COLLATE=utf8_unicode_ci AUTO_INCREMENT=1;  CREATE TABLE IF NOT EXISTS `teeme_applied_url` (   `id` int(11) NOT NULL AUTO_INCREMENT,   `urlId` int(11) NOT NULL,   `artifactId` int(11) NOT NULL,   `artifactType` int(11) NOT NULL,   `userId` int(11) NOT NULL,   `appliedDate` timestamp NOT NULL DEFAULT CURRENT_TIMESTAMP ON UPDATE CURRENT_TIMESTAMP,   PRIMARY KEY (`id`) ) ENGINE=InnoDB  DEFAULT CHARSET=latin1 AUTO_INCREMENT=1 ;   CREATE TABLE IF NOT EXISTS `teeme_links_url` (   `id` int(11) NOT NULL AUTO_INCREMENT,   `workSpaceId` int(11) NOT NULL,   `workSpaceType` int(11) NOT NULL COMMENT '1:seed and 2:node',   `ownerId` int(11) NOT NULL,   `title` varchar(500) NOT NULL,   `url` varchar(500) NOT NULL,   `createdDate` timestamp NOT NULL DEFAULT CURRENT_TIMESTAMP ON UPDATE CURRENT_TIMESTAMP,   PRIMARY KEY (`id`) ) ENGINE=InnoDB  DEFAULT CHARSET=latin1 AUTO_INCREMENT=1 ; CREATE TABLE `teeme_user_configuration` (  `id` int(11) NOT NULL AUTO_INCREMENT,  `userId` int(255) NOT NULL,  `editorOption` enum('Yes','No') NOT NULL DEFAULT 'Yes',  `defaultSpace` int(11) NOT NULL,  PRIMARY KEY (`id`) ) ENGINE=InnoDB AUTO_INCREMENT=2 DEFAULT CHARSET=latin1 ; CREATE TABLE `teeme_post_change` ( `id` int(11) NOT NULL AUTO_INCREMENT, `change_type` varchar(512) NOT NULL COMMENT '''2 -> new comment''', `change_date` datetime NOT NULL, `node_id` int(255) NOT NULL, `change_user_id` int(11) NOT NULL, `space_id` int(11) NOT NULL, `space_type` int(11) NOT NULL, PRIMARY KEY (`id`)) ENGINE=InnoDB DEFAULT CHARSET=utf8 COLLATE=utf8_unicode_ci AUTO_INCREMENT=1 ; CREATE TABLE IF NOT EXISTS `teeme_bookmark` ( `id` int(11) NOT NULL AUTO_INCREMENT, `node_id` int(255) NOT NULL, `user_id` int(11) NOT NULL, `bookmark_date` datetime NOT NULL, `bookmarked` int(11) NOT NULL DEFAULT '1' COMMENT '1 -> Yes, 0-> No', PRIMARY KEY (`id`)) ENGINE=InnoDB DEFAULT CHARSET=utf8 COLLATE=utf8_unicode_ci AUTO_INCREMENT=1; CREATE TABLE IF NOT EXISTS `teeme_notification` ( `id` int(11) NOT NULL AUTO_INCREMENT, `created_date` datetime NOT NULL, `notification_type_id` int(11) NOT NULL, `notification_action_type_id` int(11) NOT NULL, `url` varchar(100) COLLATE utf8_unicode_ci NOT NULL, PRIMARY KEY (`id`)) ENGINE=InnoDB AUTO_INCREMENT=1 DEFAULT CHARSET=utf8 COLLATE=utf8_unicode_ci; CREATE TABLE IF NOT EXISTS `teeme_notification_action` ( `id` int(11) NOT NULL AUTO_INCREMENT, `name` varchar(100) COLLATE utf8_unicode_ci NOT NULL, PRIMARY KEY (`id`)) ENGINE=InnoDB AUTO_INCREMENT=1 DEFAULT CHARSET=utf8 COLLATE=utf8_unicode_ci; INSERT INTO `teeme_notification_action` (`id`, `name`) VALUES(1, 'add'),(2, 'edit'),(3, 'delete'),(4, 'apply'),(5, 'start'),(6, 'stop'),(7, 'activate'),(8, 'suspend'),(9, 'assign'),(10, 'unassign'),(11, 'move'),(12, 'import'),(13, 'comment'),(14, 'new version'),(15, 'share'),(16, 'unshare'); CREATE TABLE IF NOT EXISTS `teeme_notification_data` ( `id` int(11) NOT NULL AUTO_INCREMENT, `notification_event_id` int(11) NOT NULL, `language_id` int(11) NOT NULL, `notification_data` varchar(512) COLLATE utf8_unicode_ci NOT NULL, PRIMARY KEY (`id`)) ENGINE=InnoDB AUTO_INCREMENT=1 DEFAULT CHARSET=utf8 COLLATE=utf8_unicode_ci; CREATE TABLE IF NOT EXISTS `teeme_notification_dispatch` ( `id` int(11) NOT NULL AUTO_INCREMENT, `recepient_id` int(11) NOT NULL, `sent` tinyint(4) NOT NULL DEFAULT '0' COMMENT '1 -> Yes 0 -> No', `seen` tinyint(4) NOT NULL DEFAULT '0' COMMENT '1 -> Yes 0 -> No', `create_time` datetime NOT NULL, `sent_time` datetime NOT NULL, `notification_mode_id` int(11) NOT NULL, PRIMARY KEY (`id`)) ENGINE=InnoDB AUTO_INCREMENT=1 DEFAULT CHARSET=utf8 COLLATE=utf8_unicode_ci; CREATE TABLE IF NOT EXISTS `teeme_notification_events` ( `id` int(11) NOT NULL AUTO_INCREMENT, `created_date` datetime NOT NULL, `object_id` int(11) NOT NULL, `object_instance_id` int(11) NOT NULL, `action_id` int(11) NOT NULL, `action_user_id` int(11) NOT NULL, `workSpaceId` varchar(100) COLLATE utf8_unicode_ci NOT NULL, `workSpaceType` varchar(100) COLLATE utf8_unicode_ci NOT NULL, `url` varchar(100) COLLATE utf8_unicode_ci NOT NULL, `notification_data_id` int(11) NOT NULL, PRIMARY KEY (`id`)) ENGINE=InnoDB AUTO_INCREMENT=1 DEFAULT CHARSET=utf8 COLLATE=utf8_unicode_ci; CREATE TABLE IF NOT EXISTS `teeme_notification_event_has_dispatch` ( `id` int(11) NOT NULL AUTO_INCREMENT, `notification_event_id` int(11) NOT NULL, `notification_dispatch_id` int(11) NOT NULL, PRIMARY KEY (`id`)) ENGINE=InnoDB AUTO_INCREMENT=1 DEFAULT CHARSET=utf8 COLLATE=utf8_unicode_ci; CREATE TABLE IF NOT EXISTS `teeme_notification_follow` ( `id` int(11) NOT NULL AUTO_INCREMENT, `user_id` int(11) NOT NULL, `object_id` int(11) NOT NULL, `object_instance_id` int(11) NOT NULL, `preference` tinyint(4) NOT NULL DEFAULT '0' COMMENT '1 -> Yes, 0-> No', `subscribed_date` datetime NOT NULL, PRIMARY KEY (`id`)) ENGINE=InnoDB AUTO_INCREMENT=1 DEFAULT CHARSET=utf8 COLLATE=utf8_unicode_ci; CREATE TABLE IF NOT EXISTS `teeme_notification_language` ( `id` int(11) NOT NULL AUTO_INCREMENT, `language_full` varchar(100) COLLATE utf8_unicode_ci NOT NULL, `language_short` varchar(100) COLLATE utf8_unicode_ci NOT NULL, PRIMARY KEY (`id`)) ENGINE=InnoDB AUTO_INCREMENT=1 DEFAULT CHARSET=utf8 COLLATE=utf8_unicode_ci; INSERT INTO `teeme_notification_language` (`id`, `language_full`, `language_short`) VALUES (1, 'english', 'eng'),(2, 'japanese', 'jpn'); CREATE TABLE IF NOT EXISTS `teeme_notification_modes_user` ( `id` int(11) NOT NULL AUTO_INCREMENT, `user_id` int(11) NOT NULL, `notification_type_id` int(11) NOT NULL,
 `notification_priority_id` int(11) NOT NULL, `preference` tinyint(4) NOT NULL COMMENT '1 -> Yes, 0 -> No', PRIMARY KEY (`id`)) ENGINE=InnoDB AUTO_INCREMENT=1 DEFAULT CHARSET=utf8 COLLATE=utf8_unicode_ci; CREATE TABLE IF NOT EXISTS `teeme_notification_object` ( `id` int(11) NOT NULL AUTO_INCREMENT, `name` varchar(100) COLLATE utf8_unicode_ci NOT NULL, PRIMARY KEY (`id`)) ENGINE=InnoDB AUTO_INCREMENT=1 DEFAULT CHARSET=utf8 COLLATE=utf8_unicode_ci; INSERT INTO `teeme_notification_object` (`id`, `name`) VALUES (1, 'tree'),(2, 'leaf'),(3, 'post'),(4, 'simple tag'),(5, 'action tag'),(6, 'contact tag'),(7, 'link'),(8, 'talk'),(9, 'file'),(10, 'space'),(11, 'subspace'),(12, 'place'),(13, 'admin'),(14, 'contributor'),(15, 'user'),(16, 'place manager'); CREATE TABLE IF NOT EXISTS `teeme_notification_object_meta` ( `id` int(11) NOT NULL AUTO_INCREMENT, `object_id` int(11) NOT NULL, `object_instance_id` int(11) NOT NULL, `user_id` int(11) NOT NULL, `created_date` datetime NOT NULL, PRIMARY KEY (`id`)) ENGINE=InnoDB AUTO_INCREMENT=1 DEFAULT CHARSET=utf8 COLLATE=utf8_unicode_ci; CREATE TABLE IF NOT EXISTS `teeme_notification_priority` ( `id` int(11) NOT NULL AUTO_INCREMENT, `notification_priority` varchar(100) CHARACTER SET latin1 NOT NULL, PRIMARY KEY (`id`)) ENGINE=InnoDB AUTO_INCREMENT=1 DEFAULT CHARSET=utf8 COLLATE=utf8_unicode_ci; INSERT INTO `teeme_notification_priority` (`id`, `notification_priority`) VALUES (1, 'Application'),(2, 'Never'),(3, '1 hour'),(4, '24 hours'); CREATE TABLE IF NOT EXISTS `teeme_notification_template` ( `id` int(11) NOT NULL AUTO_INCREMENT, `object_id` int(11) NOT NULL, `action_id` int(11) NOT NULL, `template` varchar(512) COLLATE utf8_unicode_ci NOT NULL, PRIMARY KEY (`id`)) ENGINE=InnoDB AUTO_INCREMENT=1 DEFAULT CHARSET=utf8 COLLATE=utf8_unicode_ci; INSERT INTO `teeme_notification_template` (`id`, `object_id`, `action_id`, `template`) VALUES (1, 1, 1, 'txt_new_tree_is_created_by'),(2, 1, 2, 'txt_tree_edited_by'),(3, 1, 14, 'txt_tree_new_version_created_by'),(4, 1, 5, 'txt_tree_started_by'),(5, 1, 6, 'txt_tree_stopped_by'),(6, 1, 11, 'txt_tree_moved_by'),(7, 14, 9, 'txt_contributor_assigned_by '),(8, 14, 10, 'txt_contributor_removed_by '),(9, 2, 1, 'txt_leaf_created_by'),(10, 2, 2, 'txt_leaf_edited_by'),(11, 3, 1, 'txt_post_added_by '),(12, 3, 13, 'txt_post_comment_added_by '),(13, 4, 1, 'txt_simple_tag_created_by '),(14, 4, 4, 'txt_simple_tag_applied_by '),(15, 4, 3, 'txt_simple_tag_removed_by '),(16, 5, 4, 'txt_action_tag_applied_by '),(17, 5, 2, 'txt_action_tag_edited_by '),(18, 5, 3, 'txt_action_tag_deleted_by '),(19, 6, 4, 'txt_contact_tag_applied_by '),(20, 6, 3, 'txt_contact_tag_removed_by'),(21, 7, 4, 'txt_link_applied_by '),(22, 7, 3, 'txt_link_removed_by'),(23, 8, 13, 'txt_talk_comment_added_by '),(24, 9, 12, 'txt_file_imported_by '),(25, 9, 3, 'txt_file_deleted_by '),(26, 10, 1, 'txt_space_created_by'),(27, 10, 2, 'txt_space_edited_by '),(28, 10, 8, 'txt_space_suspended_by '),(29, 10, 7, 'txt_space_activated_by '),(30, 11, 1, 'txt_subspace_created_by'),(31, 11, 2, 'txt_subspace_edited_by '),(32, 11, 8, 'txt_subspace_suspended_by '),(33, 11, 7, 'txt_subspace_activated_by '),(34, 12, 1, 'txt_place_created_by '),(35, 12, 2, 'txt_place_edited_by'),(36, 12, 8, 'txt_place_suspended_by '),(37, 12, 7, 'txt_place_activated_by '),(38, 16, 1, 'txt_place_manager_created_by '),(39, 16, 2, 'txt_place_manager_edited_by '),(40, 16, 8, 'txt_place_manager_suspended_by '),(41, 16, 7, 'txt_place_manager_activated_by'),(42, 15, 1, 'txt_member_created_by '),(43, 15, 2, 'txt_member_edited_by'),(44, 15, 8, 'txt_member_suspended_by '),(45, 15, 7, 'txt_member_activated_by'),(46, 15, 3, 'txt_member_deleted_by '),(47, 13, 1, 'txt_admin_added_by'),(48, 13, 2, 'txt_admin_edited_by '),(49, 13, 3, 'txt_admin_deleted_by '),(50, 5, 13, 'txt_action_tag_response_added_by'),(51, 1, 15, 'txt_tree_shared_by'),(52, 1, 16, 'txt_tree_unshared_by'),(53, 2, 13, 'txt_leaf_comment_added_by'),(54, 2, 9, 'txt_leaf_task_assigned_by'),(55, 2, 10, 'txt_leaf_task_unassigned_by'),(56, 3, 15, 'txt_post_shared_by'),(57, 3, 16, 'txt_post_unshared_by'); CREATE TABLE IF NOT EXISTS `teeme_notification_type` ( `id` int(11) NOT NULL AUTO_INCREMENT, `notification_type` varchar(100) CHARACTER SET latin1 NOT NULL, PRIMARY KEY (`id`)) ENGINE=InnoDB AUTO_INCREMENT=1 DEFAULT CHARSET=utf8 COLLATE=utf8_unicode_ci; INSERT INTO `teeme_notification_type` (`id`, `notification_type`) VALUES (1, 'All'),(2, 'Personalized'); CREATE TABLE IF NOT EXISTS `teeme_posts_shared` ( `id` bigint(20) NOT NULL AUTO_INCREMENT, `postId` bigint(20) NOT NULL, `members` mediumtext CHARACTER SET latin1 NOT NULL, PRIMARY KEY (`id`)) ENGINE=InnoDB AUTO_INCREMENT=1 DEFAULT CHARSET=utf8 COLLATE=utf8_unicode_ci; CREATE TABLE IF NOT EXISTS `teeme_language_config` ( `id` int(11) NOT NULL AUTO_INCREMENT, `config_option` varchar(22) CHARACTER SET latin1 NOT NULL, `config_value` varchar(512) CHARACTER SET latin1 NOT NULL DEFAULT '0', PRIMARY KEY (`id`)) ENGINE=InnoDB DEFAULT CHARSET=utf8 COLLATE=utf8_unicode_ci; CREATE TABLE IF NOT EXISTS `teeme_usergroups` ( `id` int(11) NOT NULL AUTO_INCREMENT, `placeId` int(11) NOT NULL, `placemanagerId` int(11) NOT NULL, `createdDate` datetime NOT NULL, `lastEditedDate` datetime NOT NULL, `lastPlaceManagerId` int(11) NOT NULL, `groupName` varchar(100) COLLATE utf8_unicode_ci NOT NULL, PRIMARY KEY (`id`)) ENGINE=InnoDB AUTO_INCREMENT=1 DEFAULT CHARSET=utf8 COLLATE=utf8_unicode_ci; CREATE TABLE IF NOT EXISTS `teeme_usergroups_as_user` ( `userGroupId` int(11) NOT NULL, `userId` int(11) NOT NULL) ENGINE=InnoDB DEFAULT CHARSET=utf8 COLLATE=utf8_unicode_ci; CREATE TABLE IF NOT EXISTS `teeme_group_shared` ( `id` int(11) NOT NULL AUTO_INCREMENT, `postId` int(11) NOT NULL, `groupIds` varchar(100) CHARACTER SET latin1 NOT NULL, `groupUsers` varchar(100) CHARACTER SET latin1 NOT NULL, PRIMARY KEY (`id`)) ENGINE=InnoDB AUTO_INCREMENT=1 DEFAULT CHARSET=utf8 COLLATE=utf8_unicode_ci; CREATE TABLE `teeme_tree_enabled` ( `id` int(11) NOT NULL AUTO_INCREMENT, `space_id` int(11) NOT NULL, `space_type` int(11) NOT NULL COMMENT '1 -> space, 2 -> subspace', `tree_type_id` int(11) NOT NULL, PRIMARY KEY (`id`)) ENGINE=InnoDB AUTO_INCREMENT=1 DEFAULT CHARSET=utf8 COLLATE=utf8_unicode_ci; ALTER TABLE `teeme_work_space` ADD `workSpaceCreatorId` INT(11) NOT NULL AFTER `defaultPlaceManagerSpace`; CREATE TABLE `teeme_leaf_objects` ( `id` int(11) NOT NULL AUTO_INCREMENT, `leaf_id` int(11) NOT NULL, `object_type` varchar(255) CHARACTER SET latin1 NOT NULL, `object_id` int(11) NOT NULL, PRIMARY KEY (`id`)) ENGINE=InnoDB AUTO_INCREMENT=1 DEFAULT CHARSET=utf8 COLLATE=utf8_unicode_ci; ALTER TABLE `teeme_leaf` ADD `leafStatus` VARCHAR(20) NOT NULL DEFAULT 'publish' AFTER `newVersionLeafId`; CREATE TABLE `teeme_leaf_reservation` ( `id` int(11) NOT NULL AUTO_INCREMENT, `leafId` int(11) NOT NULL, `treeId` int(11) NOT NULL, `userId` int(11) NOT NULL, `status` int(11) NOT NULL DEFAULT '1', PRIMARY KEY (`id`)) ENGINE=InnoDB AUTO_INCREMENT=1 DEFAULT CHARSET=utf8 COLLATE=utf8_unicode_ci; CREATE TABLE `teeme_configuration` ( `id` int(11) NOT NULL AUTO_INCREMENT, `treeTypeId` int(11) NOT NULL, `allowStatus` int(11) NOT NULL DEFAULT '0', PRIMARY KEY (`id`)) ENGINE=InnoDB AUTO_INCREMENT=2 DEFAULT CHARSET=utf8 COLLATE=utf8_unicode_ci; INSERT INTO `teeme_configuration` (`id`, `treeTypeId`, `allowStatus`) VALUES ('1', '6', '0'); INSERT INTO `teeme_notification_action` (`id`, `name`) VALUES (NULL, 'reserve'), (NULL, 'unreserve'); INSERT INTO `teeme_notification_template` (`id`, `object_id`, `action_id`, `template`) VALUES (NULL, '2', '17', 'txt_leaf_reserve_by'), (NULL, '2', '18', 'txt_leaf_unreserve_by'); CREATE TABLE `teeme_folders` ( `id` INT NOT NULL AUTO_INCREMENT , `parentId` INT NOT NULL DEFAULT '0' , `name` VARCHAR(255) NOT NULL , `workSpaceId` INT NOT NULL , `workSpaceType` TINYINT NOT NULL , `userId` INT NOT NULL , `createdDate` TIMESTAMP NOT NULL DEFAULT CURRENT_TIMESTAMP , PRIMARY KEY (`id`)) ENGINE = InnoDB; ALTER TABLE `teeme_external_docs` ADD `folderId` INT NOT NULL DEFAULT '0' AFTER `userId`;CREATE INDEX dispatch_index ON teeme_notification_event_has_dispatch(notification_dispatch_id);CREATE INDEX recepient_mode_index ON teeme_notification_dispatch(recepient_id, notification_mode_id);INSERT INTO `teeme_notification_object` (`id`, `name`) VALUES (NULL, 'folder');INSERT INTO `teeme_notification_action` (`id`, `name`) VALUES (NULL, 'create');INSERT INTO `teeme_notification_template` (`id`, `object_id`, `action_id`, `template`) VALUES (NULL, '2', '3', 'txt_leaf_deleted_by');INSERT INTO `teeme_notification_template` (`id`, `object_id`, `action_id`, `template`) VALUES (NULL, '2', '11', 'txt_leaf_moved_by');INSERT INTO `teeme_notification_template` (`id`, `object_id`, `action_id`, `template`) VALUES (NULL, '17', '19', 'txt_folder_created_by');ALTER TABLE `teeme_external_docs` ADD `file_order` INT NULL DEFAULT NULL AFTER `docName`;INSERT INTO `teeme_notification_template` (`id`, `object_id`, `action_id`, `template`) VALUES (NULL, '3', '3', 'txt_post_deleted_by');ALTER TABLE `teeme_users` CHANGE `defaultSpace` `defaultSpace` VARCHAR(50) NOT NULL DEFAULT '0';ALTER TABLE `teeme_users` ADD `isChildPlace` TINYINT NOT NULL DEFAULT '0' AFTER `terms`, ADD `parentPlaceId` INT NOT NULL AFTER `isChildPlace`;ALTER TABLE `teeme_users` ADD `loggedInToken` VARCHAR(255) NOT NULL AFTER `parentPlaceId`;ALTER TABLE `teeme_tree` ADD `position` INT NOT NULL DEFAULT '1' COMMENT '1 for anywhere, 2 for top, 3 for bottom, 4 for top and bottom' AFTER `autonumbering`;CREATE TABLE `teeme_links_folder` ( `linkId` BIGINT NOT NULL AUTO_INCREMENT , `linkedFolderId` BIGINT NOT NULL , `artifactId` BIGINT NOT NULL , `artifactType` TINYINT NOT NULL , `createdDate` DATETIME NOT NULL , `ownerId` INT(255) NOT NULL , PRIMARY KEY (`linkId`)) ENGINE = InnoDB; ALTER TABLE `teeme_notification_events` ADD `parent_object_id` INT NOT NULL DEFAULT '0' AFTER `created_date`;